SNP,CHR,BP,P,-log10P
rs62057073,17,43861117,0.0,300.0
rs74457229,17,43972581,0.0,300.0
rs11575896,17,43972142,0.0,300.0
rs62056782,17,43974230,0.0,300.0
rs74496580,17,43974065,0.0,300.0
rs62056781,17,43973899,0.0,300.0
rs62056780,17,43973652,0.0,300.0
rs78720789,17,43973413,0.0,300.0
rs113347741,17,43973408,0.0,300.0
rs76324150,17,43973233,0.0,300.0
rs74548327,17,43973080,0.0,300.0
rs62062266,17,44090704,0.0,300.0
rs80346216,17,43974476,0.0,300.0
rs12150170,17,44090646,0.0,300.0
rs12150515,17,44090685,0.0,300.0
rs62062267,17,44090854,0.0,300.0
rs17573858,17,44090796,0.0,300.0
rs62062268,17,44090858,0.0,300.0
rs3813020,16,30934075,2.0439738790400952e-10,9.689524658567283
rs4792891,17,43973498,2.7903546140350954e-10,9.554340600621671
rs35675346,16,30936081,2.40179365285087e-09,8.619464307206933
rs12445650,16,31044897,3.0231189107610135e-07,6.519544770033003
rs2072368,7,23146112,4.3950307127005317e-07,6.357038085707442
rs2072369,7,23146189,5.762840282752535e-07,6.239363416733141
rs178797,17,16119054,8.22296167601877e-07,6.084971733811416
rs35629860,16,30671532,4.762199865560035e-06,5.322192381571133
rs13150957,4,15683318,7.223307464832018e-06,5.141263898716064
