SNP,CHR,BP,P,-log10P
rs12726330,1,155108167,0.0,300.0
rs62056779,17,43971937,0.0,300.0
rs74457229,17,43972581,0.0,300.0
rs11575896,17,43972142,0.0,300.0
rs7222389,17,43501442,2.220446049250313e-16,15.653559774527022
rs10847839,12,123322560,1.2749801214795298e-12,11.894496586366536
rs3813020,16,30934075,2.0439738790400952e-10,9.689524658567283
rs2153904,1,205642790,4.4604209215037827e-10,9.350624155803395
rs823114,1,205719532,4.357951333133769e-09,8.360717623990972
rs1728313,7,23271031,1.4279752047485772e-08,7.845279333550294
rs12445650,16,31044897,3.0231189107610135e-07,6.519544770033003
rs58726213,16,31044683,3.2904968882974117e-07,6.482738515560203
rs2072368,7,23146112,4.3950307127005317e-07,6.357038085707442
rs10256524,7,23144947,4.4181006453314353e-07,6.354764395025424
rs2072369,7,23146189,5.762840282752535e-07,6.239363416733141
rs9848789,3,151058963,7.852421251008934e-07,6.104996410284283
rs74676292,17,48226811,1.586656303897982e-06,5.799517138453762
rs13150957,4,15683318,7.223307464832018e-06,5.141263898716064
rs10256996,7,23145295,7.6054484323684335e-06,5.11887517398948
