SNP,CHR,BP,P,-log10P
rs12726330,1,155108167,0.0,300.0
rs11575896,17,43972142,0.0,300.0
rs62056779,17,43971937,0.0,300.0
rs74457229,17,43972581,0.0,300.0
rs7222389,17,43501442,2.220446049250313e-16,15.653559774527022
rs10847839,12,123322560,1.2749801214795298e-12,11.894496586366536
rs3813020,16,30934075,2.0439738790400952e-10,9.689524658567283
rs2153904,1,205642790,4.4604209215037827e-10,9.350624155803395
rs823114,1,205719532,4.357951333133769e-09,8.360717623990972
rs1728313,7,23271031,1.4279752047485772e-08,7.845279333550294
