SNP,CHR,BP,P,-log10P
rs78720789,17,43973413,0.0,300.0
rs62056780,17,43973652,0.0,300.0
rs11575896,17,43972142,0.0,300.0
rs80233201,17,43971481,0.0,300.0
rs113347741,17,43973408,0.0,300.0
rs76324150,17,43973233,0.0,300.0
rs74548327,17,43973080,0.0,300.0
rs74457229,17,43972581,0.0,300.0
rs10847839,12,123322560,1.2749801214795298e-12,11.894496586366536
rs4792891,17,43973498,2.7903546140350954e-10,9.554340600621671
rs4889599,16,30968589,7.320573036651012e-10,9.135454922095315
rs12445650,16,31044897,3.0231189107610135e-07,6.519544770033003
rs58726213,16,31044683,3.2904968882974117e-07,6.482738515560203
rs2072368,7,23146112,4.3950307127005317e-07,6.357038085707442
rs10256524,7,23144947,4.4181006453314353e-07,6.354764395025424
rs2072369,7,23146189,5.762840282752535e-07,6.239363416733141
rs34480360,16,30798689,2.256283837764883e-06,5.646606267533924
rs35629860,16,30671532,4.762199865560035e-06,5.322192381571133
rs1413146,20,46407290,6.731698173556566e-06,5.171875364546698
rs10256996,7,23145295,7.6054484323684335e-06,5.11887517398948
